news,code
,경제
"오뚜기, 가격 인상 계획 철회...""물가안정 기조에 동참""",경제
"독일 전기 에어택시 릴리움, EU 첫 승인 획득",경제
"설악산 오색케이블카, 흑자 운영 가능할까?",경제
"청년 세대, 30년 뒤 절반으로...5명 중 4명 미혼",경제
국세청 ‘법인세법 가이드’ 시리즈로 발간…이번엔 합병·분할 세제편,경제
[단독] [2030 부산엑스포] 개최지 선정 앞두고 부산-로마 연대 가시화,경제
[포토] ‘화학물질 저감 우수제품’ 발표,경제
"울주군, 지역 투자유치 환경개선사업 공모 선정",경제
울산 휘발유와 경유 가격 7주 연속 하락,경제
울산 주력업종 12월 경기전망 기준치 밑돌아,경제
"[올댓차이나] 中 리얼미, 스마트폰 출하량 5년 만에 2억대 돌파",경제
"'반유대주의 논란' 머스크 ""하마스 제거돼야"" 맞장구",경제
울산 도심융합특구 그린벨트 해제 절차 본격화,경제
[포토] 크리스마스 분위기 물씬,경제
"루시드, 신차 발표에도 투자등급 '보유'로 내려가",경제
"용인특례시, 일자리 창출 우수기업 9곳에 인증서·현판 수여",경제
"초미세먼지 고농도 조기 예보, 충청·호남으로 확대",경제
"김동연 경기지사, 스페인 카탈루냐 주지사 면담",경제
옷 좀 입는 언니들이 ‘픽’했다…겨울 대전에서 살아남은 ‘이효리 패딩’ 뭐길래,경제
"韓·英, 탈탄소·보안 등 해사분야 협력 강화 '약속'…최초 문서 합의",경제
"IAEA ""우크라 원전 주전력선 110일만에 또 끊겨""",경제
"오뚜기, 제품가격 인상 계획 철회키로…간편식 소비자들 “휴”",경제
엑스포 개최지 결정 D-1… 최태원 “오늘도 전투 벌어진다”,경제
일주일 만에 또 집합...은행권 상생 금융 거듭 압박,경제
청년 세대 30년 뒤 '반토막'...지금도 5명 중 4명이 미혼,경제
부산이냐 사우디냐… 엑스포 개최지 29일 0시 30분쯤 발표,경제
"쇼피파이, 블랙프라이데이 훈풍에 주가 19개월래 최고",경제
"폭스바겐, 직원 감축 등으로 109억달러 절감 계획",경제
"도이치방크 ""24년 말까지 S&P 500 12% 추가 상승 가능""",경제
"美, 블랙프라이데이 온라인 쇼핑 7.5% 증가",경제
"깨끗한나라, ‘스마트 통합방재센터’ 오픈…안전한 작업환경 마련",경제
"UBS, GE헬스케어 중립→매도 하향…목표가 66달러",경제
벌써 다섯 번째 회의…‘카카오 창업자’ 김범수 “관리 체제 강화” 주문,경제
이경호 부산엑스포 유치지원단장 “‘이길 수 있다’ 일념으로 최선”,경제
"부산엑스포 유치 운명, 오는 29일 0시30분께 결정될 듯",경제
"홈씨씨 인테리어, 프리미엄 강마루 '숲 강마루 텍스쳐' 신제품 출시",경제
"충청북도-이스타항공, 청주공항 활성화 협약",경제
충북서 럼피스킨 소강상태…방역대 해제 검사,경제
최하위권 농민수당 ‘또 제자리’…농민 반발,경제
검증안 된 투자 유치…실적에 데이터센터도 포함,경제
“경제정책 빵점” 고작 30%만 지지…‘사면초가’ 日 기시다 어쩌나,경제
"中 증시 '찬물' 될라…""대주주 주식 팔지마""",경제
한동훈·이정재 사진 한 장에 ‘주가 급등’…임세령 대상홀딩스 무슨 일,경제
장례·산후조리 등 생활밀착 서비스 개선,경제
의료계 등 반발로 표류 ‘비대면 진료’…재외국민 대상 우선 시행으로 ‘물꼬’,경제
"공공택지, 매각 후 급등…건설사만 배불려",경제
"두나무, 블록체인으로 멸종위기 식물 보호 [숏잇슈]",경제
"주택금융공사, 부동산 PF 보증 확대 나서",경제
"2030 엑스포 유치 위해…韓 기업, 175개국 3000여명과 네트워킹, 회의 1645회",경제
"랠리 불씨 꺼질라…""베이징 거래소, 상장기업 대주주 주식 매각 금지""",경제
"원희룡 장관, 도시철도 정관선 등 지역 현안 점검",경제
[집중취재] 위기의 시골 버스 터미널…“관광시설 유치로 활성화”,경제
'연 2%대 금리·집값 80% 대출' 청년청약통장 출시 … 중장년층은 소외감,경제
[현명한 금융생활 꿀팁]해외채권 투자시 환율변동 위험 반드시 고려해야,경제
"올 하반기 중소제조업 평균일급 10만5,773원 … 최고액 직종은?",경제
"김진태 지사, 청년들과 치맥하며 다양한 의견 청취",경제
금융위 “소상공인 대환대출 대상 확대”,경제
"전세사기 다가구주택, 세입자 전원 동의 못 받아도 ‘LH 매입’ 길 열린다",경제
"‘그랩’ 결국 못 따라잡고…배민, 베트남 진출 4년 만에 철수",경제
용인서 도로변에 누워있던 주취자 2명 승용차에 깔려 다쳐,사회
'이선균 마약 제공 혐의' 의사 영장 기각...경찰 수사 난항,사회
휠만 남은 바퀴로 20㎞ 달렸다… 만취 운전자의 위험천만 도주,사회
"美경찰, 팔'출신 대학생 3명 총격 가한 40대 백인남성 체포",사회
'기피 일자리'에 외국인력…내년 16만 5천명 '최대',사회
인천 기계식 지하주차장서 작업자 2명 추락해 부상,사회
"방성환 경기도의원 ""법·조례 부재 상황에서 농어민기회소득 예산편성...절차 정당성 부족""",사회
내년 신규 외국인 근로자 16만5천 명 '역대 최대'...식당서도 일해,사회
"檢, '사법 농단' 임종헌 징역 7년 구형...""사법 신뢰 붕괴""",사회
"속초시, ‘글로벌 워케이션 수도, 속초!’ 선포",사회
"속옷만 입고 있던 남편, 베란다엔 女장교 숨어있어…‘징계 불복’ 소송 패소",사회
수능 끝나자 논술 총력전…사교육 부담은 '눈덩이',사회
"경기도융합과학교육원, 올해 '연구과제 발표회 및 수료식' 개최",사회
홍천 금은방 절도 40대 구속…특수절도 혐의,사회
“인생 사진 건지려다” 추락사고 잇따라…통제구역 증가,사회
"법무부, '180명 허위 난민신청' 말레이시아 브로커 검거",사회
전교조 “전자칠판 논란 신경호 교육감 무책임 태도”,사회
"최종구 전 금융위원장, ‘2024강원’ 조직위원장 위촉",사회
배스·블루길·브라운송어까지…외래종에 잠식된 소양강,사회
"""꽈추형 갑질 인정, 권고사직 서명 뒤 퇴사""…홍성우 반응은",사회
‘지인 부고’ 문자 누르니 문자 폭탄…“2차 피해 주의”,사회
"경희대, '위안부 망언' 교수 징계 제청...""본교 명예 훼손""",사회
"설악산 오색케이블카, 흑자 운영 가능할까?",사회
강릉시영상미디어센터 갑자기 휴관? 반발 잇따라,사회
여경과 2년 넘게 ‘부적절’ 관계…“징계처분 정당해”,사회
‘대한민국 특별자치시도 협의회’ 출범…공동 대응,사회
자녀 수능 감독관에 폭언한 유명 강사…교육부 “고발 조치”,사회
"'주호민 아들' 특수교사 녹음파일 공개...재판부 ""부모 속상할 만""",사회
경주 안계댐 공사하던 다리 붕괴...작업자 2명 숨져,사회
모델 10여 명 불법 촬영‥30대 촬영 작가 구속 송치,사회
"""동거 연인도 혼인 인정, 출산·육아 지원을""...고령층도 '공감'",사회
"부산외대, 양자기술 전문기업 (주)퀀텀센싱과 업무협약 체결",사회
술 취해 12층서 고양이 2마리 던져 죽게 한 30대 재판행,사회
“한국 진짜 큰일난다”…30년 뒤 청년인구 ‘반토막’,사회
성관계 유도한 뒤 '신고하겠다' 협박해 돈 뜯은 일당 적발,사회
취약계층 근로감독 결과 77곳서 2억여 원 임금체불,사회
경주 안계댐서 건설중 다리 붕괴…물에 빠진 노동자 2명 숨져,사회
"시의회, 대기업 출신 시설공단 이사장 후보 적격 판단",사회
"""밉상·버릇 고약""..'주호민 아들 학대사건' 교사 녹취록 공개",사회
‘제 2의 전청조’ 주의보…여자인 척 사기치고 “200만원만” 요구,사회
민주당 시당 “울산시체육회장 정치 중립 의무 위반”,사회
"눈앞에 다가온 개최지 선정 투표...""한마음으로 응원""",사회
"SK울산공장, 김장 김치 20톤 담가 시설 등에 전달",사회
경찰 '사건브로커' 관련 7명 직위해제…감찰은 아직,사회
검·경 고위직 출신 동시 압수수색…‘백현동 수사무마’ 금품수수 의혹,사회
"울주군, 지역 투자유치 환경개선사업 공모 선정",사회
"'수능 감독관 위협' 유명강사 학부모 ""죄송하다...부정행위는 아냐""",사회
[포토] 민·관 합동 화재 진압 훈련,사회
"'SG발 주가폭락' 라덕연, 구속 연장…보석 기각",사회
울산 휘발유와 경유 가격 7주 연속 하락,사회
울산 주력업종 12월 경기전망 기준치 밑돌아,사회
건조한 날씨에 산불 위험 ‘쑥’…“부주의 79%”,사회
울산 도심융합특구 그린벨트 해제 절차 본격화,사회
"허경영 하늘궁 측 “숨진 남성, 불로유 구매 사실 없어”…경찰 “하늘궁 우유 판매 사실 없어”",사회
'이선균 마약 제공' 의사 구속 기각…권지용 출국금지 해제,사회
울산도 첫 럼피스킨 의심 신고…“정밀 검사”,사회
한복으로 한국을 알린다,사회
헬스장서 여성 꼬리뼈 만졌다…CCTV에 딱 걸린 30대男,사회
서울 쌍문동 일대 정전‥1시간여 만에 복구,사회
파리에서 한국을 알리다,사회
"흰(박혜원), ‘2023 한국청년희망대상’ 표창",생활/문화
“지적장애와 달라요”… ‘경계선 지능장애’에 대한 오해와 진실[마음처방],생활/문화
"초미세먼지 고농도 조기 예보, 충청·호남으로 확대",생활/문화
"김동연 경기지사, 스페인 카탈루냐 주지사 면담",생활/문화
"'미스터트롯2' 진 안성훈, 국내 독거노인 지원사업에 2000만원 기부",생활/문화
물 내리기 전 꼭 확인… ‘이 모양’ 대변 무시했다간 병 키울 수도,생활/문화
"""치마 독특하네"" 신현빈, 주얼리만 1530만원어치 걸친 겨울 패션",생활/문화
울산 오늘 낮 최고 16.7도…내일 5~9도,생활/문화
"파리 총회, 29일 0시30분 엑스포 개최지 발표…투표 절차와 예상은",생활/문화
‘5무(無) 운동’ 여주 대신 중·고 개교 70주년 조형물 제막식,생활/문화
"[생활날씨] 밤사이 찬바람, 다시 초겨울 추위…내일 출근길 영하권",생활/문화
하루에 10개씩 약 먹는 노인들… 두 명중 한 명이 잘못 복용하고 있어,생활/문화
[강해설교]종말을 맞이하는 성도 ; 마리아는 왜 고가의 향유를 예수님께 쏟아 부었을까,생활/문화
"거창군 배경 웹드라마 ‘김치, Kimchi’ 시사회 열려",생활/문화
가야고분군 세계유산 인증서 수령…다음 달 기념식,생활/문화
“트럼프 당선되면 IRA 폐기될 수도” 내년 전기차 시장 최대 변수 ‘미 대선’,생활/문화
추위와 함께 온 미세먼지…동해안은 산불 주의,생활/문화
“기록하면 기억할 수 있어”…‘한글 그림’으로 멸종위기종 기록하는 ‘숨탄것들’ 진관우 작가 [차 한잔 나누며],생활/문화
"""요즘 누가 입어요""…자녀 '롱패딩' 부모가 입는 사연",생활/문화
전남 ‘봉수 유적’ 10곳 국가지정문화유산 지정,생활/문화
납작하게 죽은 정수리 볼륨… ‘이것’ 바꾸면 되살아나,생활/문화
[뉴스9 날씨] 밤사이 눈·비…내일 찬바람 불며 추워져,생활/문화
‘KBS 금악리 폐기물 처리업체 논란’ 이달의 방송기자상 수상,생활/문화
[Tour List] 운치 있는 겨울 ‘못’ 풍경,생활/문화
"가야고분군, 세계유산 등재 인증서 인수",생활/문화
전북 내일 아침까지 비·눈…기온 떨어져,생활/문화
[날씨] 밤사이 다시 영하권 추위…아침까지 산발적 비·눈 조금,생활/문화
“지역 안무가 모십니다”…국립현대무용단 ‘상생사업’,생활/문화
"러시아에 겨울 폭풍 덮쳐…3명 사망, 200만명 단전",생활/문화
"""내가 탄 비행기도?""…항공기 8편 중 1편꼴로 '병원균 검출'",생활/문화
[Style] 따뜻하고 실용적인 주말여행 룩,생활/문화
'예수 신발'로 검색어 1위…미술계 악동 '미스치프'의 도발,생활/문화
2023년 11월 28일 중부 곳곳 눈·비 ‘운전 조심’[오늘의 날씨],생활/문화
"[포토] 위호텔제주, 겨울철 방어 프로모션",생활/문화
"[날씨] 내일 아침까지 산발적 눈, 비…다시 찬바람 강해져",생활/문화
'침수'에 가장 취약한 '동대문구'…안전한 자치구는 '종로구',생활/문화
유산소의 최고봉 '달리기'… 초심자가 부상 없이 뛰려면?,생활/문화
[Health Recipe] 겨울철 체온 사수법,생활/문화
진위 판별이 어려운 시대…美 출판사 올해의 단어는 '진짜',생활/문화
[날씨] 한낮에도 '쌀쌀'…다시 찾아오는 영하권 추위,생활/문화
상생안 마련 중인데…尹 ‘작심 비판’ 후 방통위도 카카오모빌리티 저격,생활/문화
[날씨] 수도권 밤까지 비…내일 서울 아침 영하 2도,생활/문화
[Cover Story] 2024년 강력한 트렌드 ‘여행의 귀환!’,생활/문화
'서울의 봄' 6일째 200만 명 돌파…'범죄도시 3' 이후 최단기간,생활/문화
"국립발레단, '호두까기인형' 다음달 9일 '예술의전당'서 막 올린다",생활/문화
'참군인' 고 김오랑 중령 재조명…200만 관객 부른 '서울의 봄',생활/문화
중국 82위·일본 87위라는데…한국인 영어 실력은 몇 위?,생활/문화
"단숨에 ‘200만 고지’ 점령한 ‘서울의 봄’… 12·12, 그 밤에 대한 관심 [엄형준의 씬세계]",생활/문화
"[내일 날씨] `뚝` 떨어진 기온, 오늘보다 더 추워요…중부 아침 영하로",생활/문화
연말 앞두고 가격 올리려던 오뚜기…결국 '인상 철회',생활/문화
건보 지역가입자 소득 정산제 안착 절실,생활/문화
140년 韓·獨 우정의 역사 덕수궁서 특별전,생활/문화
"주변국 매독 증가세 심상찮다… 정부, 전수 감시 내년 시작",생활/문화
MZ세대 달달한 ‘썸’타기… 멜로의 열기 이어갈까,생활/문화
"“술도 안마시는데”…50세 김창옥, 집 주소도 잊었다",생활/문화
"[날씨] 본격 겨울 추위 대비‥아침까지 비·눈 조금, 도로 살얼음 주의",생활/문화
"유인촌 ""웹툰 종주국, 정부 역할 키우도록 하겠다""",생활/문화
"수백억 기부했던 그의 양복은 낡았다…""돈은 똥"" 말한 '어른'",생활/문화
[날씨] 경남 내일 낮부터 기온 다시 낮아져…서부내륙 곳곳 비·눈,생활/문화
하필 그곳에… 공 맞고 암 발견한 사연,생활/문화
“지적장애와 달라요”… ‘경계선 지능장애’에 대한 오해와 진실[마음처방],IT/과학
`가짜 범람의 시대`…웹스터 2023년의 단어 `진짜`,IT/과학
"김동연 경기지사, 스페인 카탈루냐 주지사 면담",IT/과학
"바이셀스탠다드, ISO 27001 국제표준 보안인증 2년 연속 획득",IT/과학
벌써 다섯 번째 회의…‘카카오 창업자’ 김범수 “관리 체제 강화” 주문,IT/과학
"[사진] ""2030 엑스포 꿈은 이루어진다""",IT/과학
"11번가, 창사 이래 첫 희망퇴직 실시",IT/과학
[K-science ‘스타를 만나다’]⑬ ‘암세포를 색칠하다’ 구본경 IBS 유전체교정연구단장,IT/과학
"남부발전 안동빛드림본부, 취약계층에 사랑의 김장 후원",IT/과학
"한전KPS, 한국품질경영학회 최고품질경영자상 영예",IT/과학
[인터뷰] ‘지능형 교통체계 도시상’ 선정 ‘안양시’…기술 고도화의 배경은?,IT/과학
진위 판별이 어려운 시대…美 출판사 올해의 단어는 '진짜',IT/과학
"한난·KOICA·가스공사·서부발전, 중기 해외판로 활성화 협약",IT/과학
정체된 주력 사업의 ‘돌파구’로 국내 대기업들도 ‘AI’ 동분서주[ChatGPT AI 빅뱅 1년],IT/과학
상생안 마련 중인데…尹 ‘작심 비판’ 후 방통위도 카카오모빌리티 저격,IT/과학
예산부터 정하고 쓸 곳은 나중에?…절차 뒤바뀐 ‘글로벌 R＆D’,IT/과학
"박윤규부터 이용훈, 유지상까지… 통신개혁 일선 나선 차기 과기정통부 장관 후보자로 물망",IT/과학
"다음 뉴스검색 기본값 변경에 지역언론사들 ""풀뿌리 지역언론 말살""",IT/과학
“왜 SKT만 아이폰 통화녹음 돼?” 소비자 원성 ‘폭발’…3주동안 1억원 몰렸다,IT/과학
연구 중복 해소와 PBS 개선…두 마리 토끼 노리는 ‘국가기술연구센터’,IT/과학
"방심위, ‘가짜뉴스’ 신속 심의 절차 본격 시행",IT/과학
KT '보은투자' 의혹 서정식 현대오토에버 대표 사임,IT/과학
[기후변화는 지금] ‘눈 없는 겨울’ 온다…눈의 태양 빛 반사 줄어 온난화 가속,IT/과학
전 세계 개발자들 한자리에…올해 화두는 ‘생성형 AI’ [리인벤트 2023],IT/과학
쿵야 팝업스토어에 8만명 몰렸다,IT/과학
[K-science ‘스타를 만나다’]⑬ ‘암세포를 색칠하다’ 구본경 IBS 유전체교정연구단장,IT/과학
"[제11회 SW산업보호대상] ""K-콘텐츠 이어 K-SW도 해외로…불법복제율 10%대로 낮춰야""",IT/과학
"베스핀글로벌, 커넥티비티 클라우드 기업 `클라우드플레어`와 총판계약",IT/과학
"""느슨했다"" 질책받은 카카오...김범수 ""준법·인사·재무 밀착 관리하자""",IT/과학
"파수 ""생성형AI 민감정보 유출 사전 차단""",IT/과학
"“연구 실패해도 불이익 없다”…尹정부, 평가제 손보며 ‘과학계 달래기’",IT/과학
"베스핀글로벌, 클라우드플레어와 한국 총판 계약 체결",IT/과학
"“비타민C로 암까지 고친대” 철석같이 믿었던 환자들, 피눈물 나겠네",IT/과학
[뉴스라운지] 새로운 산업혁명 꿈꾸는 로봇 산업...한국 전망은?,IT/과학
[인사] 방송통신위원회,IT/과학
"""청룡이 인정한 기술력""…덱스터스튜디오, 영화 '더 문' VFX로 '기술상' 수상",IT/과학
"""과학입국"" 다시 꺼낸 尹대통령…'케네디 문샷'까지 언급한 까닭",IT/과학
이번엔 방통위…카카오모빌리티 등 개인위치정보 관리 점검,IT/과학
"사이냅소프트, 문서뷰어 SaaS 공공기관 시범서비스",IT/과학
"이종호 장관 ""대한민국, 디지털 심화시대 SW강국 도약""",IT/과학
"""중동·동남아, 국내SW기업 주인공 될 무대""",IT/과학
"삼성전자, 'AI폰' 상표 등록… 갤럭시 S24 탑재할 듯",IT/과학
"이종호 장관 ""도전적 R&D, 평가등급제 폐지…""단순 성패 안 따져""",IT/과학
"코알못도, 소상공인도 챗GPT 만드는 시대 [AI 빅뱅 1년①]",IT/과학
"경찰, '비자금 의혹' 김상철 한컴 회장 아들 영장 신청",IT/과학
"과기부, R&D 예산 후속 대책 발표…과학계 반발 여전",IT/과학
원천기술 개발 몰입할 수 있게 … 우수 연구자엔 사업화 지원까지,IT/과학
"네이버, 국가보훈부와 함께 ‘일상 속 보훈문화 확산’ 위한 MOU 체결",IT/과학
KT 기업용 LTE망 오류에 서울 소방 긴급출통 시스템 한시간반 먹통,IT/과학
"""개인정보 44만건 유출 위험""... 사이버 공격받은 日라인야후",IT/과학
"장수 모바일게임 '더프레이', 11월 퀴즈 인증 이벤트",IT/과학
"LGU+, 알뜰폰 유심 퀵배달 사업 만지작",IT/과학
“정우성 차라리 안봐?” 4천원 인상에 역풍 맞은 디즈니…다들 떠난다,IT/과학
"가입부터 해지, 중고폰까지 휴대폰 데이터 유출 막는다",IT/과학
"KIST, 신임 원장 선임 부결…재료연은 연임 실패",IT/과학
"네오위즈, 'P의 거짓 2023 팬아트 전시회' 개최",IT/과학
"쇄신 고삐 죄는 김범수…""카카오 책임 명확한 구조로 바꿀 것""",IT/과학
다음 시즌 김민재 활약상 ‘쿠팡플레이’로 보세요,IT/과학
동남아 사로잡은 SKT ‘이프랜드’... 글로벌 메타버스 시장 본격 공략,IT/과학
영화관 안 부럽네… 120인치로 집에서도 생생하게,IT/과학
"조수미·이정재·싸이, 엑스포 PT 등장…“공존의 도시 부산에 오세요” [엑스포 개최지 발표]",경제
미국 9월 주택가격 8개월 연속 상승…사상 최고가 또 경신,경제
"횡성 ‘디피코’, 사모펀드 운용사와 조건부 투자 계약",경제
"10월 유로존 통화공급량 10%↓…""M3 4개월째 감소""",경제
통역도 이젠 실시간으로…언어의 장벽 허무는 AI,경제
동해 묵호항 ‘항만대기질 관리구역’ 지정 요구,경제
구도심 강릉역 ‘역세권 개발’은 언제?,경제
강릉-부산 철도 내년 개통…기대 이하 속도,경제
[속보] 2030 엑스포 후보 3개국 최종 PT 종료…투표 절차 시작,경제
[뉴스초점] 2030 부산엑스포 '결전의 날'…최종 PT로 승부수,경제
오뚜기 이어 풀무원도…식품사들 가격인상 철회,경제
"""함께 나는 부산갈매기""…'인류 연대' 담론으로 마지막 표심잡기(종합)",경제
"농협은행, ELS 판매 중단…홍콩H지수 폭락에 손실 우려",경제
“내년 회사채 스프레드 축소…우량등급 선호 지속”,경제
금고 아래 손 넣으니 돈다발…고소득 유튜버도 고액 체납자 포함,경제
"울산시, ‘아이가 행복한 돌봄도시’ 3년간 8천억 투입",경제
엑스포 최종 PT 30분전 총회장 로비서 한·사우디 신경전(종합),경제
2020년 영남권 청년 75.9% 수도권으로 이동,경제
울산시 “파크골프장 운영 일본서 배운다”,경제
미국 주택가격 8개월 연속 상승…9월 전월대비 0.3%↑,경제
BIE 총회장 앞에서 부산엑스포 홍보,경제
"[마켓인]""난이도 높지만 전망은 확실""…항공산업에 눈 돌리는 PE",경제
"최태원 회장 ""부산 엑스포, 세계 위기에 맞춤형 솔루션 제공할 것"" [Busan is Ready]",경제
"[머니쇼 출사표]최현만 회장의 CEO 30년 원동력, 어머니의 한 마디",경제
"[BIE총회] “인류대전환 엑스포, 함께나는 부산갈매기”…'연대담론' PT로 표심잡기",경제
'연대담론' PT로 마지막 호소…부산 갈매기부터 박지우 박사까지,경제
하이파이브 하는 한덕수 총리와 최태원 회장,경제
"홍콩 리스크에…농협은행, ELS 판매 중단",경제
하이파이브 하는 한덕수 총리와 최태원 회장,경제
"반기문 전 유엔 사무총장, 2030부산엑스포 지지연설",경제
2030부산엑스포 지지연설 나선 반기문 전 유엔 사무총장,경제
2030부산엑스포 지지연설 나선 반기문 전 유엔 사무총장,경제
2030부산엑스포 지지연설 나선 반기문 전 유엔 사무총장,경제
"100만명 돌파한 AI·SW 교육 플랫폼…구름, 이용자 확보 비결은",경제
2030부산엑스포 최종 PT 연사로 나선 한덕수 국무총리,경제
"""인류대전환 엑스포, 함께나는 부산갈매기""…'연대담론' PT로 표심잡기",경제
욕설 논란에 카르텔 폭로까지…스텝 꼬인 김범수 쇄신안,경제
2030부산엑스포 지지연설 나선 반기문 전 유엔 사무총장,경제
"韓, 2030엑스포 경쟁 PT에 외국인 유학생 '깜짝 등장'",경제
2030부산엑스포 최종 PT 연사로 나선 한덕수 국무총리,경제
2030부산엑스포 최종 PT 연사로 나선 한덕수 국무총리,경제
2030부산엑스포 최종 PT 연사로 나선 한덕수 국무총리,경제
2030부산엑스포 최종 PT 나선 한덕수 국무총리,경제
2030부산엑스포 최종 PT 나선 한덕수 국무총리,경제
최종 PT 첫번째 연사로 나선 박형준 부산시장,경제
2030부산엑스포 핵심 비전 소개하는 나승연 홍보대사,경제
최종 경쟁 PT 연사로 나선 최태원 대한상의 회장,경제
세번째 연사 소개하는 나승연 부산엑스포 홍보대사,경제
2030부산세계박람회 공약 발표하는 최태원 대한상의 회장,경제
2030부산세계박람회 공약 발표하는 최태원 대한상의 회장,경제
"""부산엑스포, 목적지 아닌 시작점…미래세대 위한 대전환의 길""",경제
2030엑스포 경쟁 PT에 5개국 출신 외국인 유학생 깜짝 등장,경제
“타는 냄새가” 출근길 김포골드라인서 잇단 신고…확인해보니,경제
"""일시적 2주택 등 종부세 특별공제 요건 꼼꼼히 챙겨야"" [더 머니이스트-NH WM마스터즈의 금융톡톡!]",경제
"""부산은 준비됐다""...최종PT 연사 5명 차례로 '엑스포 전후' 비전 제시[엑스포, 결전의 날]",경제
2030엑스포 개최지 투표장 앞서 부산엑스포 홍보,경제
2030엑스포 개최지 투표장 앞서 부산엑스포 홍보,경제
부산의 매력 소개하는 박형준 부산시장과 마스코트 '부기',경제
최종 PT 첫번째 연사로 나선 박형준 부산시장,경제
"대구공항, 코로나19 이후 누적 항공여객 300만명 달성",경제
돈가스 3kg으로 85명 원생 배식한 어린이집 원장 재판行,사회
[뉴스특보 LIVE] 2030 엑스포 개최지 발표 “부산의 도전”,사회
동명이인 환자 명의로 '의료용 마약류' 처방받은 의사,사회
"""만원의 가치, 만원의 효용을 체감하는 기자협회""",사회
"""2024년 힘차고 따뜻한 기자협회 원년""",사회
세계일보 사건팀 장애인본부 ‘이달의 좋은 기사상’,사회
"""나에게, 우리에게, 세상에 쓸모 있는 기자협회""",사회
유튜버 일탈 어디까지…모텔서 수면제 투약하고 방송한 20대女,사회
"DMZ 해마루촌 마을주민, 동서대에 감사패·쌀 전달",사회
"강릉시, 옥계면·연곡면 일대 지적재조사사업 추진",사회
"횡성 ‘디피코’, 사모펀드 운용사와 조건부 투자 계약",사회
핵심 비전 소개하는 나승연 부산엑스포 홍보대사,사회
평창 국제올림픽 연구센터 컨퍼런스 개막,사회
"""우리 부산은요""…핵심 비전 소개하는 나승연 홍보대사",사회
며느리 살해한 시아버지 “아들 내외가 나 죽이려 했다”…‘피해 망상’ 추정,사회
“전쟁 폐허 극복한 부산의 저력 공유”… ‘연대의 엑스포’ 역설 [엑스포 개최지 선정],사회
채팅앱서 만난 또래 여학생 살해한 10대 남학생 구속기소,사회
동해 묵호항 ‘항만대기질 관리구역’ 지정 요구,사회
강릉 급발진 의심사고 민사소송 변론기일 열려,사회
[포토] ‘2023 장애인 먼저 실천상’ 시상식,사회
[속보] 2030 엑스포 후보 3개국 최종 PT 종료…투표 절차 시작,사회
강원도 농업 예산 삭감에 농업인단체 반발,사회
문제는 ‘생태’ 아닌 ‘인간’ 중심 환경정책,사회
최종 PT하는 박형준 부산시장,사회
"사유지서 버섯 따던 60대…""나가달라""는 주인 쇠파이프로 폭행해 실형",사회
최종 PT하는 한덕수 국무총리,사회
엑스포 최종 PT…공약 발표하는 한덕수 총리,사회
구도심 강릉역 ‘역세권 개발’은 언제?,사회
최종 PT하는 한덕수 국무총리,사회
최종 PT서 공약 발표하는 한덕수 국무총리,사회
삼엄한 대구교도소 재소자 이송작전…권총·테이저건 무장,사회
‘납치로 오해’ 택시서 뛰어내려 숨진 여대생…택시기사 등 ‘무죄’ 이유는,사회
강릉-부산 철도 내년 개통…기대 이하 속도,사회
"내스타일, '아이작 노벨' 선 봬",사회
[속보] 2030 엑스포 후보 3개국 최종 PT 종료…투표 절차 시작,사회
엑스포 최종 PT…지지연설하는 반기문 전 유엔 사무총장,사회
"강원문화재단, 공적 기금 투자 20억 원 손실…“절차 문제” 지적",사회
"반기문 전 유엔 사무총장, 엑스포 최종 PT서 지지연설",사회
엑스포 최종 PT…지지연설하는 반기문 전 유엔 사무총장,사회
"수능 끝난 청소년 일탈 않도록… 강동구, ‘합동 캠페인’ 실시",사회
부산의 매력 알리는 최태원 대한상의 회장,사회
최종 PT하는 최태원 대한상의 회장,사회
최종 PT 나선 박형준 부산시장,사회
최종 PT하는 박형준 부산광역시장,사회
"“결혼 축의금으로 줬던 50만원, ‘비혼 축의금’으로 되돌려 줘”…손절 위기?",사회
"""함께 나는 부산갈매기""…'인류 연대' 담론으로 마지막 표심잡기(종합)",사회
대구경북과학기술원 신임 총장에 이건우 서울대 전 공대 학장,사회
"""한국의 발전, 할아버지 꿈 이뤄졌다"" 참전용사 손녀 감동의 PT",사회
"방통위 'YTN·연합뉴스TV 민영화 심사', 단 2주 만에 일사천리",사회
[이세영의 세상읽기] 도박자금으로 사용하기 위하여 돈을 차용한 행위와 사기죄,사회
“대출 해줄테니 개인정보 달라”…‘대포 유심’ 2천 개 유통,사회
다음 '뉴스검색 기본값 CP사로 제한' 거센 반발,사회
주인 잃은 토지 34년만에 소유자 품으로…울산 중구 적극행정 빛났다,사회
"이성근 화백, 내년 2월 말까지 도화전",사회
한국일보 총급여 3% 인상… 경향신문 기본급 2.3% 올려,사회
"울산시, ‘드론실증도시 구축사업’ 우수 지자체 선정",사회
"밀양시의회, 제248회 정례회 개회",사회
"법원 ""방송사, 이희진 피해자들에 일부 배상하라""",사회
"진주시, 현장·수요자 중심의 규제혁신 펼쳐",사회
울산 남구 테크노산업로 일원 자율주행차 시범운행지구 지정,사회
"조수미·이정재·싸이, 엑스포 PT 등장…“공존의 도시 부산에 오세요” [엑스포 개최지 발표]",생활/문화
가짜 환자지만 정신병원 입원에 성공했습니다,생활/문화
"베를린 필하모닉, 7년 준비한 ‘진은숙 에디션’ 발매",생활/문화
가장 아름다운 비밀은 쓰지 않아요,생활/문화
2023 여성영화인축제·올해의 여성영화인상 시상식 12월14일 개최,생활/문화
외국은 즐기는데 한국은 “잘해야만 한다”...현대사회에서 평화 찾는 ‘이곳’,생활/문화
"“엄마, 우리집 채소는 왜 얼어 있어?” “싸니까”…냉동식재료 인기라는데",생활/문화
조선자유언론수호투쟁위원회 엮음,생활/문화
"동아제약, 중대재해 대응 모의훈련 실시…심폐소생술 등 교육",생활/문화
"휴젤, '여성소비자가 뽑은 좋은기업대상' 3년 연속 수상",생활/문화
울산 오늘 낮 최고 기온 10.7도…내일 1~9도,생활/문화
"나이 들어 꼬부랑 허리 안 되려면, ‘이곳’ 단련 필수",생활/문화
"HK이노엔·고용노동부, 안전문화 확산 위한 업무협약 체결",생활/문화
"온국민 염원 담아…두 남자, 안산서 부산까지 460㎞ 걸었다 [엑스포 개최지 발표]",생활/문화
"전쟁과 폭력의 시대, 소년들의 칼은 정의로웠네",생활/문화
"교황, 건강 문제에도 기후정상회의 예정대로 참석(종합)",생활/문화
작곡계 노벨상 받은 진은숙… 베를린 필 ‘진 에디션’ 발매,생활/문화
운동 효과 확 높이려면… 끝나고 ‘이것’ 꼭 해야,생활/문화
[날씨] 내일 더 추워져…일부 강원·경북 '한파특보',생활/문화
"한-IMO, 개발도상국 중장기 지원 강화 위한 신탁기금 포괄협정 체결",생활/문화
"스마트관광의 미래, 기술 활용에 달렸다[이창근의 트래블&아트]",생활/문화
"한-IMO, 개발도상국 중장기 지원 강화 위한 신탁기금 포괄협정 체결",생활/문화
"베를린필하모닉, '진은숙 에디션' 음반 발매",생활/문화
"암표 문제 공개청원 전환...""50년 전 법률 개정 촉구""",생활/문화
청석학원 창학 100주년 기념 ‘번개 모임’ 행사,생활/문화
잡곡 많이 섞을수록 좋은 것 아냐… ‘항고혈압’ 효과 극대화하는 비율은?,생활/문화
[뉴스9 날씨] 내일 내륙에 눈 조금…더 추워져,생활/문화
11월 KBS창원 시청자위원회 열려,생활/문화
2023년 11월 29일 ‘어서 집으로’ 퇴근길 등 떠미는 강풍[오늘의 날씨],생활/문화
전국 30일까지 매서운 추위,생활/문화
"한-IMO, 개발도상국 지원 위한 '신탁기금 포괄협정' 체결",생활/문화
"관광공사, 국립공원공단과 맞손…코리아둘레길 내 안내 표지판 설치 등",생활/문화
[날씨] 제주 내일 대체로 흐림…점점 더 추워져,생활/문화
[생방송 심층토론] ‘소멸 위기 전북…이민 정책 방향은?’ 잠시 뒤 10시 방송,생활/문화
"[날씨] 일부 강원·경북 한파주의보, 29일 더 추워…서쪽 눈·비 조금",생활/문화
‘체육회장 선거 개입 보도’ 민주언론상 수상,생활/문화
"""책이라는 우주, 추상에 담았죠""…민화에서 추상화가로 변신한 엄미금",생활/문화
[날씨] '북극 한기' 몰려온다...강풍 속 영하권 추위 계속,생활/문화
삼성 그만두고 ‘이곳’ 간 남자...자신감 이유 있다는데 [여행人터뷰],생활/문화
"수많은 개인의 소소한 일상, 또 다른 역사로 남았다",생활/문화
고혈압이 젊어지고 있다… 혈압 조절 거의 제대로 안돼,생활/문화
반려인 81.6% “반려동물과 동반 여행”… 가장 많이 찾은 곳은 제주,생활/문화
"“차값만 1억? 1도 안 아깝네”…GV80 쿠페, 디자인도 승차감도 ‘갓벽’ [시승기]",생활/문화
[날씨] 서울 아침 영하 3도…수도권 등 비·눈,생활/문화
[날씨] 내일 서울 아침 '영하 3도'…서쪽 중심으로 눈이나 비,생활/문화
[날씨] 일부 강원·경북 '한파특보'…내일 출근길 영하권 강추위,생활/문화
[단독] 이중섭의 미공개작 '황소' NFT 경매에…가치 인정 받을까?,생활/문화
만화·웹툰계 “AI 무단 학습 면책법 국회 논의…작가 피해 우려”,생활/문화
셀린 송 영화 '패스트 라이브즈' 美고섬어워즈 최우수작품상,생활/문화
"“포커 상금만 30억 넘었다”…홍진호, 국제대회 또 우승",생활/문화
"[내일날씨] '영하권 추위' 전국 곳곳 눈 또는 비…""빙판길 조심하세요""",생활/문화
“21년간 이런 광경 못봤어요” 뜨거워진 부산…2002월드컵 이후 최대 응원열기 [엑스포 개최지 발표],생활/문화
국가대표 선수촌교회 2023 성탄절 점등예배,생활/문화
반도체 규제개선 현장방문,생활/문화
"맨발걷기국민운동본부와 대한노인회, 치매예방캠페인을 위한 MOU 체결",생활/문화
술 취해 잘 못 잠들면… 근육 썩는다?,생활/문화
최낙정 전 해수부 장관 별세…해부학 연구에 시신 기증,생활/문화
"[내일 날씨] 전국 곳곳에 눈 또는 비…""빙판길·강풍 조심하세요""",생활/문화
50년 묵은 암표법 개정 공개 청원 전환,생활/문화
“깊어가는 겨울… 청와대 밤산책 어때요?”,생활/문화
우리 할머니 인슐린 주사 그만 맞아도 될까…‘당뇨 완치’ 길 열리나,IT/과학
"DN솔루션즈, 獨 테크니컬 센터 열어…""유럽 시장 잡는다""",IT/과학
대구경북과학기술원 신임 총장에 이건우 서울대 전 공대 학장,IT/과학
울산 남구 테크노산업로 일원 자율주행차 시범운행지구 지정,IT/과학
"유니스트, ‘세계에서 가장 영향력 있는 연구자’ 9명",IT/과학
"이용훈 총장, 과기부 장관 ‘물망’…유니스트는?",IT/과학
"쿠쿠전자, 대용량 '아이편한 가습기 7S' 출시",IT/과학
욕설 논란에 카르텔 폭로까지…스텝 꼬인 김범수 쇄신안,IT/과학
“이런 XXX같은” 욕설 회의... 카카오 임원 “문제점 지적하다 실수”,IT/과학
"코웨이 환경기술연구소, 22년 연속 KOLAS 공인시험기관 인정",IT/과학
[스타트업-ing] 터널 속에서도 차량의 정확한 위치 파악 돕는 ‘씨너렉스’,IT/과학
‘바이오 기술 선도’…포스텍 혁신연구센터 개소,IT/과학
카이스트 인공지능반도체대학원 개원,IT/과학
지하 1.5km 정밀 탐사…‘땅속 내시경’ K-DEV 개발,IT/과학
"부산디지털자산거래소 사업자, 블록체인 ‘큰손’ 2파전",IT/과학
"카카오 내부 폭로전 시작?…김정호 경영총괄, 욕설 해명에 경영실태 폭로",IT/과학
생성형 AI 시대…“데이터센터 열을 식혀라”,IT/과학
생성형 AI 시대…“데이터센터 열을 식혀라”,IT/과학
‘카카오 카르텔’ 의혹 수면 위로...치부 전면에 드러낸 김범수 최측근,IT/과학
"방통위, '통신분쟁조정제도 발전 방향' 세미나 개최",IT/과학
‘직원 폭언 논란’ 김정호 카카오 경영총괄 “업무 관행 문제점 지적하다 나온 실수”,IT/과학
"노키아, 음성으로 네트워크 재구성하는 AI 기술 공개",IT/과학
"김정호 카카오 위원 욕설 해명...""묻지마식 800억 공사에 임원들 침묵 분통""",IT/과학
'한·중·일 우편고위급회의' 개최…신사업모델 발굴 논의,IT/과학
"국내 두번째 AI 반도체 대학원, KAIST에 문 열어",IT/과학
"방통위, KBS·방문진 이사 청탁금지법 위반 관련 조사",IT/과학
"직원 폭언 논란 휩싸인 카카오 김정호, 경영 실태 폭로로 맞불",IT/과학
"임원회의서 욕설한 카카오 고위 임원 ""업무관행 문제 지적하다 실수""",IT/과학
문이과 최고 엘리트 일자리도 줄어든다고?…인간 떨게하는 ‘이것’,IT/과학
"UNIST·화학연구원 ""어디든 붙이고 모양 바꾸는 스피커 개발""",IT/과학
"민주당, 이동관 방통위원장 탄핵소추안 재발의",IT/과학
"욕설 논란 카카오 김정호 ""업무관행 지적 중 실수, 책임지겠다""",IT/과학
"""800억 공사업체 바꾸는 게 말이 되나""…카카오 C레벨의 폭로전, 대체 무슨 일?",IT/과학
"카카오, 데이터센터 비리제보 감사 착수",IT/과학
"김정호 카카오 이사장, 욕설 사건 전말…""굳이 외부 업체 쓰는 게 말되나"" 분노",IT/과학
내년 2월 ‘디지털플랫폼정부 특별법’ 입법 추진…“데이터 칸막이 없앤다”,IT/과학
지하 1.5km 정밀 탐사…‘땅속 내시경’ K-DEV 개발,IT/과학
“아이폰 샷!” 유명 여배우도 몰랐다…“알고보면 사진은 삼성이 낫다?”,IT/과학
"트리센티스 ""기업 앱·서비스 오류, 테스트 자동화 해결""",IT/과학
[인사] 행정안전부,IT/과학
"방통위, KBS·방문진 이사 ‘청탁금지법 위반’ 당사자 의견 조사",IT/과학
[여기는 포항] ‘바이오 기술 선도’…포스텍 혁신연구센터 개소,IT/과학
"카카오, IDC·서울아레나 비리 제보 감사 착수",IT/과학
생성형 AI 시대…“데이터센터 열을 식혀라”,IT/과학
"삼성바이오로직스, 연간 누적 수주 첫 3조 돌파… 올해 매출 전망 상향",IT/과학
그치지 않는 게임 속 ‘혐오’… 젠더 갈등에 불똥 튄 게임사,IT/과학
여성 과학자도 결혼·출산 '젠더 장벽'…세계적으로 높은 수준,IT/과학
"유라클, 삼성생명 통합포인트시스템 구축 완료",IT/과학
"[과기원NOW] KAIST, 인공지능반도체대학원 개원 外",IT/과학
"카카오, 데이터센터·서울아레나 '일감 몰아주기' 의혹에 ""내부 감사 중""",IT/과학
"미소녀 방치형 RPG '상상소녀 삼국지', 수라전장 참여 이벤트",IT/과학
"방통위, KBS·방문진 이사 청탁금지법 위반 관련 조사",IT/과학
"""초고가 골프회원권으로 호의호식""...김정호, 카카오 비정상적 경영실태 폭로",IT/과학
"""인공지능 시대 맞아 디지털 분야 책임질 컨트롤 타워 세워야""",IT/과학
"""항공 제조업 위기·우주 산업 기회 잡으려면…우주항공청 시급""",IT/과학
"카카오, 데이터센터 안산·서울아레나 건설 비리 내부감사",IT/과학
[기획] 말로만 과기 중시… 無원칙 기관장 인사,IT/과학
"“누가 요즘 영화 전단지 챙겨?” 영화관도 안 가는데…고스란히 쓰레기 신세 [지구, 뭐래?]",IT/과학
"조성경 차관 ""R&D 예산은 미래를 위한 절박함서 비롯""…전남지역 이공계 학생과 릴레이 대화",IT/과학
"김정호 카카오 이사장 ""삼고초려 끝에 카카오 합류…볼수록 화가 나""",IT/과학
3분기 합계출산율도 ‘사상 최저’…출생 절벽 현실화,경제
고성 ‘송지호 관광지’ 대규모 복합리조트단지 추진,경제
태백지역 ‘택시 콜센터’ 내년부터 재통합 운영,경제
"강릉시, 커피산업 지속성장 플랫폼 구축 사업 추진",경제
"대우건설, 예멘 에너지 인프라 사업 진출 추진",경제
위생 특화된 코웨이 정수기 ‘토탈케어서비스’ 주목,경제
"태국, 기준금리 2.5%로 동결…""금융긴축 주기에 종지부""",경제
경유지에서 체류형 관광지로…설악동 활성화 시동,경제
조기 금리 인하 기대…뉴욕증시 상승 출발,경제
175개국·3천여 명 접촉…“경제 영토 넓혔다”,경제
"넷플릭스 넘어서나…국내 OTT 티빙·웨이브, 합병 추진",경제
[단독] 입주 전날밤 전격 '임시사용승인' 받은 개포주공1단지…'입주 대란' 피했다,경제
"을지학원, 연합뉴스TV 최다액출자자 신청 철회",경제
대기업 평균 월급 611만 원…중소기업은 352만 원,경제
"美 3분기 성장률 잠정치, 5% 넘었다...0.3%P 상향(종합)",경제
“24년 글로벌 패션업계 성장 축소 전망…기상이변 과제”,경제
올해 주택 종부세 납부자 41.2만 명...지난해 3분의 1,경제
"사우디 킹덤홀딩, 씨티그룹 지분 4억5천만 달러 매입",경제
"中 니오·지리자동차, 배터리 교환기술 협력",경제
"한국 조선, 中에 수주 1위 내줄 듯…고부가가치선 위주",경제
"도요타, 공급업체 덴소 지분 8% 매각",경제
"하포드, 시장 변동성에 세전 이익 목표 하향",경제
울산 공공기관 정규직 채용 감소세…올해도 줄어들 듯,경제
울산 금융기관 수신 한 달 새 5천억 이상 늘어,경제
해양플랜트 서비스산업 기술컨퍼런스·시장설명회 부산 개최,경제
고금리·고물가에 울산 소비자심리 ‘찬바람’,경제
[마켓인]부동산PF 발목…중소형 증권사 신용등급 '빨간불',경제
美 3분기 GDP 성장률 4.9%→5.2%로 상향,경제
"카드사 리볼빙 잔액 7.5조...금감원, 다음 달 리스크 관리 지도",경제
"샤넬·에르메스·나이키, '재판매 금지' 등 불공정 약관 적발",경제
"이복현 ""홍콩 ELS 사태, 은행 자기 면피뿐""...""질타 시기상조""",경제
올해 주택 종부세 납부자 41.2만 명...지난해 3분의 1,경제
"“하이브, 음원 시장 점유율서 타 엔터사 3배 이상 높아” [SS엔터주]",경제
美 3분기 GDP 5.2% 성장…초기 발표보다 0.3%p 상향,경제
"남동발전, 직원 청렴・윤리・반부패 의식 강화에 CEO가 직접 나서다",경제
한국휴텍스제약 GMP 적합판정 취소...의약품 제조 불가,경제
하이엔드 오피스텔 '더 파크사이드 스위트' 분양 해 넘긴다…내년 3월 예정,경제
"교보생명, 자립준비청년 지원 상생금융 상품 '교보청년저축보험' 출시",경제
"춘천 출신 홍경선 삼성전자 상무, 부사장 승진",경제
LG AI연구원 “AWS 통해 AI 기획·창작자 시대 연다” [AWS리인벤트],경제
美 3분기 경제성장률 잠정치 5.2%로 상향…속보치 대비 0.3%p↑(종합),경제
"홍콩 항셍지수 ""베이징거래소 상장 증권도 지수 범위 포함""",경제
美 3분기 성장률 잠정치 5.2%…0.3%p 상향,경제
"하승진·전태풍과 농구 챌린지에 문동주·노시환도 동참…한화 라이프플러스, 스포츠 이벤트 개최",경제
티빙·웨이브 합병 초읽기…넷플릭스 대항마로 떠오르나,경제
"[해양수산 소식] 울산항만공사,‘2023년 항만보안 혁신대회’ 최우수상外",경제
“하면 된다” 구호만 앞세운 한국…맞춤공약 제시한 사우디에 ‘완패’,경제
쿠알라룸푸르행 대한항공 비행기 창문에 금‥인천으로 회항,경제
부유물 감김사고가 자주 발생하는 해역 한눈에 본다,경제
[속보]미국 3분기 경제성장률 잠정치 5.2%…0.3%p 상향 조정,경제
美 3분기 성장률 잠정치 5.2%…속보치 대비 0.3%p↑,경제
"[에너지 뉴스] 에너지공단, 대·중소기업 동반성장 유공 ‘중기부 장관상’ 수상外",경제
YWCA ‘젠더미디어 특별상’에 경향 여성 서사 아카이브 ‘플랫’,경제
"소매업체 풋라커, 뜻밖의 실적에 개장 전 주가 급등",경제
종합부동산세 납부 대상 120만명에서 41만명으로 감소,경제
"UNIST ""감염병 동시 감염 시 면역 반응 원리 밝혔다""",경제
‘저금리 갈아타기’ 발목잡던 중도상환수수료…확 낮춘다는데,경제
"방통위, 어도비에 과징금 13억 원…""환불조건 개선""",경제
"내 목소리 그대로 한국어→영어 번역·더빙…마법같은 일, 벌써 현실로",경제
코로나19 풀리자' 다문화 혼인' 25%↑…역대 최대,경제
안성 칠장사 화재… 자승 前 조계종 총무원장 입적,사회
전 조계종 총무원장 자승스님 화재로 사망...사고 전 유서형식 메모남겨,사회
"경찰 ""자승 스님 입적한 칠장사 화재 당시 4명 대피""",사회
"안성 칠장사에 불...""조계종 전 총무원장 자승스님 입적""",사회
"안성 칠장사 화재…조계종 ""자승 전 총무원장 입적""(종합2보)",사회
"속초해경, 도루묵 불법 포획 특별 단속 시행",사회
동해삼척기후위기비상행동 출범…“기후정치 실현하라”,사회
고성 ‘송지호 관광지’ 대규모 복합리조트단지 추진,사회
태백지역 ‘택시 콜센터’ 내년부터 재통합 운영,사회
경기 안성 사찰서 불‥ 조계종 전 총무원장 '자승스님' 숨져,사회
"강릉시, 커피산업 지속성장 플랫폼 구축 사업 추진",사회
“여대 이력서 거른다” 채용 실무자 글…정부 직접 나선다,사회
상중도 호수정원 토지주 춘천시 상대로 집단 소송,사회
"생태원, 긴급 생태 조사…소양강·남대천 망라",사회
경유지에서 체류형 관광지로…설악동 활성화 시동,사회
"안성 칠장사서 화재 발생…""자승 스님 숨진 채 발견""",사회
"강원도교육청, ‘공석’ 교권전담 변호사 2달 만에 채용",사회
[종합]안성 칠장사에서 화재 발생…전 총무원장 자승 스님 입적,사회
"경기 안성 칠장사에서 불…""자승스님 숨진 채 발견""",사회
강원도 아파트 80% ‘스프링클러 없어’…초기대응 사각,사회
"“황의조, 1월 아시안컵 출전하려면 그 전에 불기소 처분받아야”",사회
"""이제 '짠한 형' 못 보나""…넘쳐나는 유튜브 ‘술방’에 '칼' 빼든 정부 왜",사회
"조계종 ""자승 스님 입적""…칠장사 화재 현장 법구 발견",사회
자승 조계종 전 총무원장 입적…칠장사 화재,사회
동해안 산불 도심 확산 막는다…소방헬기 훈련 실시,사회
“여대는 무조건 거른다” 채용 성차별 논란에…정부 실태조사 나선다,사회
안성 칠장사 화재…자승 전 조계종 총무원장 입적,사회
"을지학원, 연합뉴스TV 최다액출자자 신청 철회",사회
"미군 수송기, 日 규슈 해상에 추락..""탑승자 1명 숨져""",사회
‘靑선거개입’ 재판부 “특정인 이익 위해 靑비서실·경찰 조직 사적 이용”,사회
1심 ‘청와대 수사청탁’ 인정…판결 살펴보니,사회
"자승 전 조계종 총무원장, 안성 칠장사 화재로 입적",사회
"전교조 경남지부 “도내 교사 70％, 최근 3년간 갑질 당해”",사회
"""대학생 전법에 열정 쏟겠다""…이틀 전 자승 전 총무원장의 말",사회
"조계종 ""자승 전 총무원장 입적…칠장사 화재 현장서 법구 확인""(종합)",사회
"장생포 고래문화특구, 2023년 우수특구 선정",사회
남구 ‘행복 남구 도시 브랜드 선포식’ 개최,사회
[그래픽] 일본 규슈 남부 바다에 미군 수송기 추락(종합2보),사회
자승 전 조계종 총무원장 입적…칠장사 화재 현장서 법구 발견,사회
"한국 조선, 中에 수주 1위 내줄 듯…고부가가치선 위주",사회
유흥업소에 10대女 고용…모텔 데려가 ‘몹쓸짓’,사회
영어 수업에 '로봇 교사' 투입…AI 활용해 공교육 강화,사회
자승 前 조계종 총무원장 입적…사찰 화재로 의문 남겨,사회
울산 공공기관 정규직 채용 감소세…올해도 줄어들 듯,사회
‘이태원 참사’ 해밀톤호텔 대표에 벌금 고작…불법증축 일부만 인정,사회
"공수처 자중지란…부장검사 ""정치편향"" 폭로",사회
해안가 음주 차박하다 ‘풍덩’…안전사고 주의,사회
자승 前 조계종 총무원장 입적,사회
울산 금융기관 수신 한 달 새 5천억 이상 늘어,사회
[사진]안성 칠장사 화재,사회
"경기 안성 칠장사 요사채서 불..""자승 스님 숨진 채 발견""",사회
"복지부·의협 또 '신경전'...""그럼, 협상하지 말까요?""",사회
고금리·고물가에 울산 소비자심리 ‘찬바람’,사회
30억 원 넘는 혈세 공중분해…책임은 누가?,사회
탄소 못 줄이면 40년 뒤 바다 절반이 '아열대',사회
안성 칠장사에서 화재 발생…전 총무원장 자승 스님 입적,사회
‘울산시장 선거개입 의혹’…송철호 징역 3년,사회
"조희연 ""서이초 사건 무혐의 유감...순직 인정 최선""",사회
경기 안성 사찰 화재로 조계종 전 총무원장 입적,사회
"""서이초 사건 재수사하라""...교사 등 12만5천 명 서명",사회
'입적' 자승스님은…총무원장 연임한 조계종 내 대표적 행정승,생활/문화
'이 음식' 섭취량 1%만 늘어도 당뇨 확률 40% 증가한다,생활/문화
안성 칠장사 화재… 자승 前 조계종 총무원장 입적,생활/문화
"안성 칠장사 화재…조계종 ""자승 전 총무원장 입적""(종합2보)",생활/문화
위생 특화된 코웨이 정수기 ‘토탈케어서비스’ 주목,생활/문화
"테슬라 야심작 '사이버트럭' 출시 임박…""소재가 가장 큰 문제""",생활/문화
[속보]안성 칠장사 화재…자승 전 총무원장 입적,생활/문화
"조계종 ""자승 전 총무원장 입적…칠장사 화재 현장서 법구 확인""(종합)",생활/문화
자승 전 조계종 총무원장 입적…칠장사 화재 현장서 법구 발견,생활/문화
자승 前 조계종 총무원장 입적…사찰 화재로 의문 남겨,생활/문화
안성 칠장사 화재로 조계종 총무원장 지낸 자승스님 입적,생활/문화
BTS RM·뷔·지민·정국 12월에 육군 현역 입대,생활/문화
"BTS·세븐틴·뉴진스, ‘2023 마마 어워즈’ 싹쓸이…‘하이브 천하’였다",생활/문화
[속보]조계종 전 총무원장 자승스님 입적…안성 칠장사 화재현장서 발견,생활/문화
"조계종 ""자승 전 총무원장 입적…칠장사 화재 현장서 법구 확인""",생활/문화
"조계종 ""자승 전 총무원장 입적…칠장사 화재 현장서 법구 확인""",생활/문화
"[속보] 안성 칠장사서 화재…조계종 관계자 ""자승 전 총무원장 입적""",생활/문화
"자승 전 총무원장, 칠장사 요사채 화재로 입적",생활/문화
"자승 전 총무원장, 칠장사 요사채 화재로 입적",생활/문화
"자승 전 총무원장, 칠장사 요사채 화재로 입적",생활/문화
경기 안성 칠장사 요사채 불…자승스님 입적,생활/문화
경기 안성 칠장사 요사채 불…자승스님 입적,생활/문화
경기 안성 칠장사 요사채 불…자승스님 입적,생활/문화
"[속보] 안성 칠장사서 불…조계종 ""자승 전 총무원장 입적""",생활/문화
"[2보] 조계종 ""자승 전 총무원장 입적…칠장사 화재 현장서 법구 확인""",생활/문화
"조계종 ""자승 전 총무원장 입적…칠장사 화재 현장서 법구 확인""",생활/문화
조계종 전 총무원장 자승 스님 입적…칠장사 화재 현장서 숨진 채 발견,생활/문화
‘여행이 있는 주말’엔 이런 곳 어때요?,생활/문화
"제철 맞은 방어회… ‘이것’ 찍어 먹으면 균 없애고, 기억력 개선도",생활/문화
세상의 이치 화폭에 담다,생활/문화
울산 오늘 낮 최고 8.4도…내일부터 영하권 추위,생활/문화
"EU 최고법원, 공공기관 히잡 착용 금지에 '적법' 판결",생활/문화
내일 날씨는 더 춥다…서울 아침 최저 -8도,생활/문화
"[1보] 조계종 관계자 ""자승 전 총무원장 입적""",생활/문화
조계종 전 총무원장 자승스님 '입적'…안성 칠장사 화재현장서 발견(상보),생활/문화
한남대 새 총장에 이승철 교수,생활/문화
"[포토] 파리바게뜨, 생일 케이크 월 400개 지원",생활/문화
[생활날씨] 중부 등 곳곳 '한파특보'…내일 한겨울 추위,생활/문화
"[포토] 파리바게뜨, 지역아동센터 생일 케이크 지원",생활/문화
[속보] 조계종 전 총무원장 자승스님 사망…경기 안성 칠장사 화재현장서 발견,생활/문화
두통 5개월 시달린 남성 “머리에 젓가락 박히고도 몰랐다”… 세상에 무슨 일?,생활/문화
현대문학상에 소설 정영수·시 김복희·평론 양윤의,생활/문화
덕수궁 석조전에서 열린 '석조전음악회' [뉴시스Pic],생활/문화
애니메이션으로 만나는 '예수'… 시공간·세대 초월해 복음 전한다,생활/문화
흐리고 쌀쌀...내일(30) 기온 더 떨어져,생활/문화
"안성 칠장사 화재에 자승스님 사망설…조계종 ""사실관계 파악중""",생활/문화
찬 바람 동반하는 강추위…'체감온도' 올리려면 어떻게?,생활/문화
'커피 공화국' 수천t씩 버려지는 캡슐들…어디로 가나 봤더니 [현장+],생활/문화
‘이 습관’ 고치지 않으면… 내 몸에 미세플라스틱 쌓인다,생활/문화
[뉴스9 날씨] 내일 더 추워져…출근길 서울 체감 영하 14도,생활/문화
안성 칠장사 요사채서 불…1명 숨져 ‘스님 추정’,생활/문화
"[날씨] 아침 추위 절정…서해안·제주 '눈', 빙판길 주의",생활/문화
강풍 속 영하권 추위 지속…체감온도 영하 15도까지 '뚝',생활/문화
KBS대전 시청자위 “지역 언론의 사명 다해달라”,생활/문화
2023년 11월 30일 출근길 영하…서해안 눈·비[오늘의 날씨],생활/문화
BTS '화양연화' 10주년에 완전체 컴백? RM·뷔·지민·정국 입대 날짜 나왔다,생활/문화
"[날씨] 북극발 한파 속 곳곳 눈, 빙판 비상...""내일 추위 절정""",생활/문화
"뉴질랜드 ‘쿠메우 필름 스튜디오’, 전주 찾아 영화산업 논의",생활/문화
강원디자인페스타 개막…5개 분야 전시관 운영,생활/문화
"종교시민사회, ""대법원, 강제동원 전범기업 자산 강제 매각 즉시 명령하라""",생활/문화
위생 특화된 코웨이 정수기 ‘토탈케어서비스’ 주목,IT/과학
디캠프 ‘올스타전’ 스타트업 한자리…'포스코어' 디데이 통합 우승,IT/과학
"[스타트업·혁신기업] LG AI연구원, AWS 이미지 캡셔닝 선봬… 텍스트서 이미지로 변환된다",IT/과학
"글로벌 생성AI 플랫폼에 첫 토종 LLM…AWS, LG AI연구원과 맞손",IT/과학
"LG AI 연구원, 이미지→텍스트로 바꿔주는 AI 서비스 내놨다",IT/과학
LG AI연구원 “AWS 통해 AI 기획·창작자 시대 연다” [AWS리인벤트],IT/과학
티빙·웨이브 합병 초읽기…넷플릭스 대항마로 떠오르나,IT/과학
"방통위, 어도비에 과징금 13억 원…""환불조건 개선""",IT/과학
"내 목소리 그대로 한국어→영어 번역·더빙…마법같은 일, 벌써 현실로",IT/과학
"을지학원, 연합뉴스TV 인수 철회…“방통위 심사 존중”",IT/과학
"구글, 2년간 접속 안 한 개인 계정 다음 달부터 삭제",IT/과학
R&D 예산 대거 삭감…이공계 달래기에 학생들은 ‘글쎄’,IT/과학
모바일 감염병 아시나요…'부고 문자' 신종 스미싱주의보,IT/과학
"을지학원, 방통위 '사실상 불허'에 연합뉴스TV 인수 철회",IT/과학
'2023 IT여성 리더'에 김은영·배순민·오순영·채상미 4인,IT/과학
네이버는 이미 공개했는데…카카오 생성형 AI '깜깜무소식',IT/과학
"구글, 2년간 접속안한 개인계정 다음달부터 삭제",IT/과학
"카카오게임즈, 장애인 e스포츠 대회서 사회공헌 캠페인",IT/과학
'씰M' 국내 상륙…대만서 흥행 돌풍 일으킨 '꾀돌이 토끼' 떴다,IT/과학
"조성경 과기부 1차관, 영남권 연구현장방문",IT/과학
글로벌·소통·신작 '3박자'…세계 사로잡은 넥슨게임즈,IT/과학
"박대연 티맥스 회장 ""클라우드DB로 글로벌 공략 박차""",IT/과학
"40세 허준이 교수, 한림원 정회원 됐다",IT/과학
"‘한국 첫 필즈상’ 허준이 교수 등… 과기한림원, 정회원 33명 선출",IT/과학
"질병청, 코로나19 변이 대응 위해 美 노바백스 백신 50만 회분 도입",IT/과학
"인스웨이브시스템즈, 앱 빌드·배포 서비스 'W-하이브'출시…혁신적인 앱 개발·배포",IT/과학
"드림어스컴퍼니, SM 전 대표·리아킴이 창업한 ‘타이탄콘텐츠’ 투자",IT/과학
"카카오게임즈, 올해 ‘장애인먼저실천상’서 우수실천상 수상",IT/과학
"AWS, 기업용 AI 챗봇 ‘아마존 Q’ 공개…MS·구글에 맞불 [리인벤트 2023]",IT/과학
"라이엇 게임즈, 사회 공헌 누적 모금액 5000만$ 돌파",IT/과학
"엔씨소프트, ‘플레이스테이션’ 소니와 전략적 파트너십 체결",IT/과학
"[영상] 방통위, 을지학원 연합뉴스TV 최대주주 변경신청 '불승인'",IT/과학
"드래곤플라이, '아도르 : 수호의 여신' 공식 PV영상 공개",IT/과학
‘20년 연구공로’ 인정받은 40세 허준이 교수…이곳 정회원 됐다는데,IT/과학
“게임 속 캐릭터 직접 만난다”… 카페·팝업스토어 눈길,IT/과학
"포티투마루 김동환 대표, SW산업발전 기여 국무총리 표창",IT/과학
"SK스퀘어 드림어스, 미국 기반 K팝 기획사 '타이탄 콘텐츠'에 투자",IT/과학
"KAIST, 근현대 미술 거장 故 오승우 화백 작품 특별전시",IT/과학
"""넷플릭스에 못하는 규제 韓 플랫폼에 하면 안돼…법제 개편 필요""",IT/과학
"이노베이션아카데미, '2023 Project-X 대구 네트워킹 데이' 열어",IT/과학
"LS MnM, 새만금에 이차전지 소재 공장 건설…1조1600억원 투자",IT/과학
R&D 예산 대거 삭감…이공계 달래기에 학생들은 ‘글쎄’,IT/과학
"오픈놀, ESG 활동으로 청년에 일경험 기회 제공",IT/과학
"""어떻게 팔까 고민 말고, 어떡하면 팔릴지 고민해라""",IT/과학
"방통위, 2022년 방송평가…KBS1·MBN·SKB 매체별 최고점 받아",IT/과학
"MBN, 방통위 방송평가 종편 1위",IT/과학
"을지학원, 방통위 불허에 연합뉴스TV 인수 빠르게 철회",IT/과학
"이상헌 의원 ""게임 속 남성혐오...게임사 호들갑 아니다""",IT/과학
"방통위, 어도비에 과징금 13억900만원 부과",IT/과학
Social science,IT/과학
"조선협객전M, 겨울맞이 7일 출석 이벤트 시작",IT/과학
"방통위, 어도비에 과징금 13억 900만 원…“환불 조건 개선”",IT/과학
서울디지털재단 인도 정부 스마트시티 협력 간담회,IT/과학
최상의 컨디션 찾아내는 꿀잠 방정식…‘생체리듬’에 답 있다,IT/과학
‘생존력 최강’ 그린란드 이끼서 신종 물곰 발견,IT/과학
"퀄컴, ‘이노베이션 펠로우십 코리아 2023’ 성료",IT/과학
20년 IP ‘뮤’ 저력 입증한 웹젠...신규투자 더해 ‘투트랙’ 전략,IT/과학
“대놓고 아이폰 자랑하더니” 유명 아이돌 ‘애플 사랑’ 이유 있었네,IT/과학
"스마일게이트, ‘CFS 2023 그랜드 파이널’ 개막",IT/과학
"조성경 차관 ""연구장비 운영인력 전폭 지원할 것""…도입기간 50일로 단축",IT/과학
